Date,SW_chl_nn,SW_chl_oc4me,MST_chl_nn,MST_chl_oc4me,PK_chl_nn,PK_chl_oc4me
2017-07-06,2.8621533,,,,0.21806334,0.15734407
2017-07-07,,,20.28087,,,
2017-07-08,,,,,,
2017-07-09,,,,,,
2017-07-10,,,21.806334,,0.12657915,0.25210112
2017-07-11,0.775825,,,,,
2017-07-12,,,,,,
2017-07-13,,,,,,
2017-07-14,,,,,,
2017-07-15,,,,,,
2017-07-16,,,,,,
2017-07-17,,,14.633706,,,
2017-07-18,,,,,,
2017-07-19,,,,,,
2017-07-20,,,,,,
2017-07-21,,,,,,
2017-07-22,0.13610004,,2.5671356,,0.09820328,0.1819041
2017-07-23,,,,,,
2017-07-24,,,,,,
2017-07-25,,,,,,
2017-07-26,0.86498356,,,,,
2017-07-27,,,,,,
2017-07-28,,,,,,
2017-07-29,,,8.494422,,0.15174079,0.5597982
2017-07-30,,,,,,
2017-07-31,,,,,,
2017-08-01,,,,,,
2017-08-02,,,,,,
2017-08-03,,,,,,
2017-08-04,,,,,,
2017-08-05,,,,,,
2017-08-06,9.47061,,11.353195,,0.19558637,0.313374
2017-08-07,,,,,,
2017-08-08,,,,,,
2017-08-09,,,,,,
2017-08-10,,,21.806334,,0.1819041,1.2430488
2017-08-11,,,,,,
2017-08-12,,,,,,
2017-08-13,1.1560912,,,,,
2017-08-14,,,,,,
2017-08-15,,,,,,
2017-08-16,,,,,,
2017-08-17,,,24.31234,,,
2017-08-18,,,,,,
2017-08-19,,,,,,
2017-08-20,,,,,,
2017-08-21,1.9207222,30.221426,12.657915,,0.20280871,1.1987818
2017-08-22,0.46697253,7.9001946,,,0.091333464,1.1560912
2017-08-23,,,,,,
2017-08-24,,,,,,
2017-08-25,0.19558637,,11.77243,,,
2017-08-26,,,,,,
2017-08-27,,,,,,
2017-08-28,,,,,,
2017-08-29,,,8.808093,,0.15174079,0.86498356
2017-08-30,,,,,0.094706096,
2017-08-31,,,,,,
2017-09-01,,,,,,
2017-09-02,15.734407,,,,,
2017-09-03,,,,,,
2017-09-04,,,,,,
2017-09-05,1.4370779,4.585823,,,,
2017-09-06,0.72155213,,19.558636,,0.2614104,0.6710759
2017-09-07,,,,,,
2017-09-08,,,,,,
2017-09-09,1.2430488,6.8335385,,,,
2017-09-10,,,,,0.1819041,0.6471778
2017-09-11,,,,,,
2017-09-12,,,,,,
2017-09-13,,,,,0.23446539,0.93004495
2017-09-14,,,,,,
2017-09-15,,,,,,
2017-09-16,,,,,,
2017-09-17,,,18.862122,,0.22611569,1.3859012
2017-09-18,,,15.734407,,,
2017-09-19,,,,,,
2017-09-20,,,,,,
2017-09-21,,,,,,
2017-09-22,,,,,,
2017-09-23,,,,,,
2017-09-24,,,,,,
2017-09-25,2.065193,,5.7004023,,,
2017-09-26,,,,,,
2017-09-27,,,,,,
2017-09-28,,,,,,
2017-09-29,,,,,,
2017-09-30,,,,,,
2017-10-01,,,,,,
2017-10-02,,,,,,
2017-10-03,,,,,,
2017-10-04,,,,,,
2017-10-05,,,,,,
2017-10-06,8.808093,,12.657915,,,
2017-10-07,,,,,0.313374,0.93004495
2017-10-08,,,,,,
2017-10-09,,,,,,
2017-10-10,12.657915,,14.633706,,0.22611569,1.0369266
2017-10-11,,,,,,
2017-10-12,,,,,,
2017-10-13,,,,,,
2017-10-14,,,,,,
2017-10-15,,,,,,
2017-10-16,,,,,,
2017-10-17,,,,,,
2017-10-18,0.8341801,9.820328,,,,
2017-10-19,,,,,,
2017-10-20,,,,,,
2017-10-21,,,,,,
2017-10-22,4.1131372,,7.347536,,0.1094889,
2017-10-23,0.8969245,,13.610004,30.221426,0.04422515,
2017-10-24,,,,,,
2017-10-25,,,,,,
2017-10-26,,,,,,
2017-10-27,,,,,,
2017-10-28,,,,,,
2017-10-29,,,,,,
2017-10-30,,,,,,
2017-10-31,,,,,,
2017-11-01,,,,,,
2017-11-02,,,,,0.5398629,
2017-11-03,,,,,,
2017-11-04,,,,,,
2017-11-05,,,,,,
2017-11-06,,,,,,
2017-11-07,,,,,,
2017-11-08,,,,,,
2017-11-09,,,,,,
2017-11-10,,,,,,
2017-11-11,,,,,,
2017-11-12,,,,,,
2017-11-13,,,,,,
2017-11-14,4.9307547,,13.610004,,0.12657915,1.2889504
2017-11-15,,,20.28087,,0.06833539,1.6022283
2017-11-16,,,,,,
2017-11-17,,,,,,
2017-11-18,5.1128306,,8.191922,,0.2710634,0.30221426
2017-11-19,,,,,,
2017-11-20,,,,,,
2017-11-21,,,,,,
2017-11-22,,,,,,
2017-11-23,,,,,,
2017-11-24,,,,,,
2017-11-25,,,,,,
2017-11-26,,,,,,
2017-11-27,,,,,,
2017-11-28,,,,,,
2017-11-29,,,,,,
2017-11-30,,,,,,
2017-12-01,,,,,,
2017-12-02,,,,,,
2017-12-03,,,,,,
2017-12-04,,,,,,
2017-12-05,,,,,,
2017-12-06,,,,,,
2017-12-07,,,,,,
2017-12-08,,,,,,
2017-12-09,,,,,,
2017-12-10,,,,,,
2017-12-11,,,,,0.5398629,
2017-12-12,,,,,,
2017-12-13,,,,,,
2017-12-14,,,,,,
2017-12-15,,,4.7551622,,,
2017-12-16,6.590185,,14.112576,,0.12207147,0.72155213
2017-12-17,,,,,,
2017-12-18,,,,,,
2017-12-19,,,,,,
2017-12-20,,,,,,
2017-12-21,,,,,,
2017-12-22,,,,,,
2017-12-23,,,,,,
2017-12-24,,,,,,
2017-12-25,,,,,,
2017-12-26,,,9.133346,,,
2017-12-27,,,,,,
2017-12-28,,,,,,
2017-12-29,,,,,,
2017-12-30,,,22.611568,,,
2017-12-31,,,,,,
2018-01-01,,,,,,
2018-01-02,,,,,,
2018-01-03,,,,,,
2018-01-04,,,,,,
2018-01-05,,,,,,
2018-01-06,,,,,,
2018-01-07,2.7602274,3.3089106,,,,
2018-01-08,,,,,,
2018-01-09,,,,,,
2018-01-10,,,,,,
2018-01-11,,,,,,
2018-01-12,,,,,,
2018-01-13,,,,,,
2018-01-14,,,,,,
2018-01-15,,,,,,
2018-01-16,,,,,,
2018-01-17,,,,,,
2018-01-18,,,,,,
2018-01-19,,,,,,
2018-01-20,,,,,,
2018-01-21,,,,,,
2018-01-22,4.9307547,,,,0.313374,
2018-01-23,,,,,,
2018-01-24,,,,,,
2018-01-25,,,,,,
2018-01-26,,,,,,
2018-01-27,,,,,,
2018-01-28,,,,,,
2018-01-29,,,,,,
2018-01-30,0.52063745,,12.657915,,,
2018-01-31,,,,,,
2018-02-01,,,,,,
2018-02-02,,,,,,
2018-02-03,12.207147,,11.77243,,,
2018-02-04,,,5.3016305,12.207147,1.1987818,3.966662
2018-02-05,,,,,,
2018-02-06,,,,,,
2018-02-07,,,6.8335385,,,
2018-02-08,2.2205303,,8.494422,,0.07618856,1.9207222
2018-02-09,,,,,,
2018-02-10,,,,,,
2018-02-11,,,,,0.101829596,0.20280871
2018-02-12,,,,,,
2018-02-13,,,,,,
2018-02-14,2.065193,,,,,
2018-02-15,11.353195,,,,1.0752169,4.7551622
2018-02-16,,,,,,
2018-02-17,,,,,,
2018-02-18,11.77243,,3.4310975,7.618856,0.313374,0.9643884
2018-02-19,,,,,,
2018-02-20,,,,,,
2018-02-21,,,,,,
2018-02-22,13.12533,,5.7004023,,,
2018-02-23,,,,,,
2018-02-24,,,,,,
2018-02-25,,,,,,
2018-02-26,12.207147,7.618856,23.446539,,0.22611569,0.9643884
2018-02-27,2.302527,29.145191,,,,
2018-02-28,,,,,,
2018-03-01,,,,,,
2018-03-02,1.0369266,,,,0.07900195,
2018-03-03,,,,,,
2018-03-04,,,,,,
2018-03-05,,,,,,
2018-03-06,6.1291685,,,,,
2018-03-07,,,,,,
2018-03-08,,,,,,
2018-03-09,,,,,,
2018-03-10,15.734407,28.107285,18.862122,,,
2018-03-11,,,,,,
2018-03-12,,,,,,
2018-03-13,1.5451703,14.633706,,,,
2018-03-14,,,15.174079,,1.1987818,2.7602274
2018-03-15,,,,,,
2018-03-16,,,,,,
2018-03-17,12.657915,5.4974017,15.174079,,0.2431234,
2018-03-18,,,,,,
2018-03-19,,,,,,
2018-03-20,,,,,,
2018-03-21,,,9.820328,30.221426,0.2710634,0.4503429
2018-03-22,,,4.9307547,,,
2018-03-23,,,,,,
2018-03-24,,,,,,
2018-03-25,,,2.302527,,,
2018-03-26,,,6.3554983,5.7004023,0.1819041,0.8341801
2018-03-27,,,,,,
2018-03-28,,,,,,
2018-03-29,1.5451703,,7.347536,9.133346,0.06355498,
2018-03-30,3.0774355,,8.808093,,,
2018-03-31,,,,,,
2018-04-01,,,,,,
2018-04-02,,,,,,
2018-04-03,,,0.46697253,,0.2431234,0.58046967
2018-04-04,,,,,,
2018-04-05,,,,,,
2018-04-06,9.47061,,,,,
2018-04-07,,,,,,
2018-04-08,,,,,,
2018-04-09,,,,,,
2018-04-10,,,,,,
2018-04-11,,,,,,
2018-04-12,,,,,,
2018-04-13,12.657915,,14.112576,,0.29145193,
2018-04-14,4.4225144,,10.558982,,,
2018-04-15,,,,,,
2018-04-16,,,,,,
2018-04-17,,,,,,
2018-04-18,,,,,,
2018-04-19,,,,,,
2018-04-20,,,,,,
2018-04-21,10.18296,,1.8523222,,0.29145193,0.80447364
2018-04-22,,,4.585823,,0.1819041,0.60190445
2018-04-23,,,,,,
2018-04-24,,,,,,
2018-04-25,,,3.966662,,,
2018-04-26,,,,,,
2018-04-27,,,,,,
2018-04-28,,,,,,
2018-04-29,2.302527,30.221426,,,0.04265022,
2018-04-30,,,,,,
2018-05-01,,,,,,
2018-05-02,,,,,,
2018-05-03,1.786358,,9.820328,,0.12657915,0.6710759
2018-05-04,,,,,,
2018-05-05,,,,,,
2018-05-06,9.133346,,,,,
2018-05-07,0.6241307,13.610004,9.820328,,0.14112575,0.775825
2018-05-08,,,,,,
2018-05-09,,,,,,
2018-05-10,7.618856,,,,,
2018-05-11,,,,,,
2018-05-12,,,,,,
2018-05-13,,,,,,
2018-05-14,22.611568,15.734407,1.1560912,,0.30221426,0.5398629
2018-05-15,2.065193,2.6619313,1.4901444,,0.14633706,0.80447364
2018-05-16,,,,,,
2018-05-17,,,,,,
2018-05-18,,,,,,
2018-05-19,,,,,,
2018-05-20,,,,,,
2018-05-21,,,,,,
2018-05-22,,,,,,
2018-05-23,,,,,,
2018-05-24,,,,,,
2018-05-25,,,,,,
2018-05-26,1.9207222,,,,,
2018-05-27,,,,,,
2018-05-28,,,,,,
2018-05-29,,,,,,
2018-05-30,,,,,,
2018-05-31,,,,,,
2018-06-01,,,,,,
2018-06-02,,,,,,
2018-06-03,,,,,0.2710634,0.15734407
2018-06-04,,,,,,
2018-06-05,,,,,,
2018-06-06,11.353195,,5.1128306,,0.29145193,0.7481966
2018-06-07,,,5.9108987,30.221426,0.113531955,0.52063745
2018-06-08,,,,,,
2018-06-09,,,,,,
2018-06-10,17.542622,,8.494422,,0.2431234,0.33694503
2018-06-11,,,,,,
2018-06-12,,,,,,
2018-06-13,,,,,,
2018-06-14,,,,,,
2018-06-15,,,,,,
2018-06-16,,,,,,
2018-06-17,,,,,,
2018-06-18,,,,,,
2018-06-19,,,,,,
2018-06-20,,,,,,
2018-06-21,,,,,,
2018-06-22,,,,,,
2018-06-23,,,5.7004023,6.3554983,,
2018-06-24,,,,,,
2018-06-25,,,,,,
2018-06-26,,,,,,
2018-06-27,,,,,,
2018-06-28,,,,,,
2018-06-29,0.29145193,,,,,
2018-06-30,5.7004023,,2.967843,,0.07618856,0.8341801
2018-07-01,,,,,,
2018-07-02,,,,,,
2018-07-03,,,,,,
2018-07-04,11.353195,,,,,
2018-07-05,,,,,,
2018-07-06,,,,,,
2018-07-07,,,,,,
2018-07-08,,,,,0.22611569,0.4503429
2018-07-09,,,,,,
2018-07-10,,,,,,
2018-07-11,,,,,,
2018-07-12,,,,,,
2018-07-13,,,,,,
2018-07-14,,,,,,
2018-07-15,1.4370779,,,,,
2018-07-16,,,1.4370779,27.106339,0.13610004,1.336547
2018-07-17,,,,,,
2018-07-18,,,,,,
2018-07-19,1.6613932,,5.1128306,,0.1312533,
2018-07-20,0.58046967,,1.0752169,,0.1819041,1.0
2018-07-21,,,,,,
2018-07-22,,,,,,
2018-07-23,0.20280871,,2.3875515,,0.101829596,0.33694503
2018-07-24,,,,,,
2018-07-25,,,,,,
2018-07-26,0.32494587,,,,,
2018-07-27,,,,,,
2018-07-28,,,,,,
2018-07-29,,,,,,
2018-07-30,,,,,,
2018-07-31,,,,,0.43430543,0.16315426
2018-08-01,,,,,,
2018-08-02,,,,,,
2018-08-03,,,23.446539,,0.2431234,0.5597982
2018-08-04,0.58046967,,11.77243,,0.1094889,0.313374
2018-08-05,,,,,,
2018-08-06,,,,,,
2018-08-07,,,,,,
2018-08-08,,,,,,
2018-08-09,,,,,,
2018-08-10,,,,,,
2018-08-11,,,,,0.16917899,1.0369266
2018-08-12,0.7481966,,2.3875515,,0.12657915,1.0369266
2018-08-13,,,,,,
2018-08-14,,,,,,
2018-08-15,,,,,,
2018-08-16,,,,,0.1819041,0.30221426
2018-08-17,,,,,,
2018-08-18,,,,,,
2018-08-19,2.065193,7.9001946,,,0.1312533,0.52063745
2018-08-20,,,,,,
2018-08-21,,,,,,
2018-08-22,,,,,,
2018-08-23,,,,,,
2018-08-24,,,,,,
2018-08-25,,,,,,
2018-08-26,,,,,,
2018-08-27,,,,,0.29145193,0.46697253
2018-08-28,,,,,,
2018-08-29,,,,,,
2018-08-30,2.3875515,,5.3016305,,0.2710634,
2018-08-31,0.5597982,0.43430543,,,0.15734407,0.32494587
2018-09-01,,,,,,
2018-09-02,,,,,,
2018-09-03,,,,,,
2018-09-04,,,,,,
2018-09-05,,,,,,
2018-09-06,,,,,,
2018-09-07,0.8341801,,,,,
2018-09-08,,,7.618856,30.221426,0.3756671,0.43430543
2018-09-09,,,,,,
2018-09-10,,,,,,
2018-09-11,,,6.3554983,,,
2018-09-12,1.9916481,,19.558636,,0.09820328,0.36228898
2018-09-13,,,,,,
2018-09-14,,,,,,
2018-09-15,21.029776,,,,0.14633706,0.6471778
2018-09-16,,,,,,
2018-09-17,,,,,,
2018-09-18,,,,,,
2018-09-19,,,,,0.40392357,1.8523222
2018-09-20,,,,,,
2018-09-21,,,,,,
2018-09-22,,,,,,
2018-09-23,12.657915,30.221426,4.7551622,,0.101829596,1.114921
2018-09-24,,,,,,
2018-09-25,,,,,,
2018-09-26,16.315426,27.106339,12.657915,,0.2710634,0.775825
2018-09-27,2.967843,,5.9108987,,0.1819041,2.065193
2018-09-28,,,,,,
2018-09-29,,,,,,
2018-09-30,2.1414535,,20.28087,,0.2614104,0.86498356
2018-10-01,,,,,,
2018-10-02,,,,,,
2018-10-03,,,,,,
2018-10-04,,,3.5577965,,0.19558637,0.58046967
2018-10-05,,,,,,
2018-10-06,,,,,,
2018-10-07,,,,,,
2018-10-08,,,,,,
2018-10-09,,,,,,
2018-10-10,,,,,,
2018-10-11,,,,,,
2018-10-12,,,,,,
2018-10-13,,,,,,
2018-10-14,,,,,,
2018-10-15,20.28087,,,,,
2018-10-16,15.174079,,10.94889,,0.41883913,1.1560912
2018-10-17,,,,,,
2018-10-18,,,,,,
2018-10-19,17.542622,,,,,
2018-10-20,,,,,,
2018-10-21,,,,,,
2018-10-22,,,,,,
2018-10-23,,,23.446539,,0.28107285,
2018-10-24,,,,,,
2018-10-25,,,,,,
2018-10-26,,,,,,
2018-10-27,,,,,,
2018-10-28,5.3016305,2.967843,,,,
2018-10-29,,,,,,
2018-10-30,,,,,,
2018-10-31,,,,,,
2018-11-01,,,,,,
2018-11-02,,,,,,
2018-11-03,,,,,,
2018-11-04,,,16.315426,,,
2018-11-05,,,,,,
2018-11-06,,,,,,
2018-11-07,,,,,,
2018-11-08,,,5.1128306,,0.09820328,0.6710759
2018-11-09,,,,,,
2018-11-10,,,,,,
2018-11-11,,,,,,
2018-11-12,,,,,,
2018-11-13,,,,,,
2018-11-14,,,,,,
2018-11-15,0.027602276,,,,,
2018-11-16,,,,,0.18862122,1.0752169
2018-11-17,,,,,,
2018-11-18,,,,,,
2018-11-19,10.558982,,18.862122,,0.23446539,0.52063745
2018-11-20,,,,,,
2018-11-21,,,,,,
2018-11-22,,,,,,
2018-11-23,0.40392357,,23.446539,,0.25210112,0.8969245
2018-11-24,11.353195,0.33694503,,,0.09820328,0.5020967
2018-11-25,,,,,,
2018-11-26,,,,,,
2018-11-27,,,,,,
2018-11-28,,,,,,
2018-11-29,,,,,,
2018-11-30,,,,,,
2018-12-01,,,,,,
2018-12-02,,,,,,
2018-12-03,,,,,,
2018-12-04,,,,,,
2018-12-05,,,,,,
2018-12-06,,,,,,
2018-12-07,,,,,,
2018-12-08,,,,,,
2018-12-09,,,,,,
2018-12-10,,,,,,
2018-12-11,,,,,,
2018-12-12,,,,,,
2018-12-13,,,,,,
2018-12-14,,,,,,
2018-12-15,,,,,,
2018-12-16,,,,,,
2018-12-17,,,,,,
2018-12-18,,,,,,
2018-12-19,,,,,,
2018-12-20,,,23.446539,,0.80447364,
2018-12-21,,,,,,
2018-12-22,,,,,,
2018-12-23,,,,,,
2018-12-24,,,,,,
2018-12-25,9.820328,,,,,
2018-12-26,,,,,,
2018-12-27,,,,,,
2018-12-28,6.1291685,,8.808093,4.9307547,0.2614104,1.2889504
2018-12-29,,,,,0.2710634,0.29145193
2018-12-30,,,,,,
2018-12-31,,,,,,
2019-01-01,,,,,,
2019-01-02,,,,,,
2019-01-03,,,,,,
2019-01-04,,,,,,
2019-01-05,12.657915,,,,,
2019-01-06,,,,,,
2019-01-07,,,,,,
2019-01-08,,,21.806334,14.112576,0.60190445,6.590185
2019-01-09,,,,,,
2019-01-10,,,,,,
2019-01-11,,,,,,
2019-01-12,,,,,,
2019-01-13,,,,,,
2019-01-14,,,,,,
2019-01-15,,,,,,
2019-01-16,,,,,,
2019-01-17,,,,,,
2019-01-18,,,,,,
2019-01-19,,,,,,
2019-01-20,18.19041,,,,0.36228898,
2019-01-21,10.94889,,20.28087,,,
2019-01-22,,,,,,
2019-01-23,,,,,,
2019-01-24,,,,,,
2019-01-25,,,,,,
2019-01-26,,,,,,
2019-01-27,,,,,,
2019-01-28,5.3016305,6.1291685,5.1128306,,0.20280871,
2019-01-29,,,,,,
2019-01-30,,,,,,
2019-01-31,,,,,,
2019-02-01,2.4757156,,,,,
2019-02-02,,,,,,
2019-02-03,,,,,,
2019-02-04,13.610004,,17.542622,,0.2431234,1.2430488
2019-02-05,8.808093,,20.28087,,,
2019-02-06,,,,,,
2019-02-07,,,,,,
2019-02-08,14.112576,,5.9108987,,0.29145193,0.7481966
2019-02-09,10.558982,,7.618856,,0.14633706,0.72155213
2019-02-10,,,,,,
2019-02-11,,,,,,
2019-02-12,5.3016305,13.610004,,,,
2019-02-13,,,,,,
2019-02-14,,,,,,
2019-02-15,,,,,,
2019-02-16,14.633706,14.112576,10.558982,,,
2019-02-17,,,,,,
2019-02-18,,,,,,
2019-02-19,,,,,,
2019-02-20,,,,,,
2019-02-21,,,,,,
2019-02-22,,,12.657915,,,
2019-02-23,,,,,,
2019-02-24,12.657915,,,,0.28107285,0.29145193
2019-02-25,,,,,,
2019-02-26,,,,,,
2019-02-27,,,,,,
2019-02-28,12.207147,,10.558982,,0.16917899,1.1560912
2019-03-01,,,,,,
2019-03-02,,,,,,
2019-03-03,4.585823,,3.4310975,,,
2019-03-04,9.47061,,,,0.2710634,0.41883913
2019-03-05,,,,,,
2019-03-06,,,,,,
2019-03-07,16.9179,,,,0.2431234,
2019-03-08,,,,,0.1312533,0.46697253
2019-03-09,,,,,,
2019-03-10,,,,,,
2019-03-11,11.77243,,,,0.23446539,0.58046967
2019-03-12,3.689174,,3.3089106,13.610004,0.1094889,0.58046967
2019-03-13,,,,,,
2019-03-14,,,,,,
2019-03-15,2.302527,,10.18296,14.633706,0.12657915,0.48421624
2019-03-16,,,,,,
2019-03-17,,,,,,
2019-03-18,,,,,,
2019-03-19,11.353195,,6.3554983,,,
2019-03-20,,,7.347536,,0.14633706,0.32494587
2019-03-21,,,,,,
2019-03-22,,,,,,
2019-03-23,0.30221426,,,,0.1819041,0.8969245
2019-03-24,,,,,,
2019-03-25,,,,,,
2019-03-26,,,,,,
2019-03-27,,,,,0.5020967,1.1560912
2019-03-28,,,,,,
2019-03-29,,,,,,
2019-03-30,,,,,0.1819041,
2019-03-31,,,,,0.11772431,0.60190445
2019-04-01,,,,,,
2019-04-02,,,,,0.34938726,0.72155213
2019-04-03,,,,,,
2019-04-04,,,8.494422,5.3016305,1.1560912,0.8969245
2019-04-05,,,,,,
2019-04-06,1.0369266,14.112576,,,0.091333464,0.34938726
2019-04-07,,,1.7227429,,0.40392357,1.0752169
2019-04-08,0.1312533,10.94889,,,0.21029776,0.6710759
2019-04-09,,,3.966662,,,
2019-04-10,0.6241307,2.6619313,,,0.051128305,
2019-04-11,,,,,,
2019-04-12,8.191922,,,,0.113531955,0.52063745
2019-04-13,14.633706,7.618856,,,0.16315426,
2019-04-14,5.7004023,,13.12533,,0.5398629,0.72155213
2019-04-15,5.7004023,,2.4757156,,0.30221426,1.5451703
2019-04-16,6.1291685,,12.207147,,0.17542621,0.48421624
2019-04-17,6.3554983,,9.47061,,0.21029776,0.17542621
2019-04-18,10.18296,29.145191,,,0.017863581,
2019-04-19,,,,,0.113531955,0.15174079
2019-04-20,,,,,,
2019-04-21,,,,,,
2019-04-22,0.13610004,,,,0.01,
2019-04-23,,,,,,
2019-04-24,,,,,,
2019-04-25,,,,,,
2019-04-26,,,,,,
2019-04-27,9.133346,,,,0.17542621,0.58046967
2019-04-28,,,,,,
2019-04-29,,,,,0.30221426,0.72155213
2019-04-30,13.610004,,6.590185,,0.18862122,0.313374
2019-05-01,,,,,,
2019-05-02,,,,,,
2019-05-03,1.0369266,18.19041,,,0.21806334,0.5020967
2019-05-04,1.1560912,,1.5451703,,0.29145193,0.6471778
2019-05-05,0.9643884,0.5020967,2.8621533,,0.09820328,0.6958565
2019-05-06,0.60190445,,0.7481966,,0.041131373,
2019-05-07,0.6471778,,,,1.0,0.03966662
2019-05-08,,,,,0.16315426,0.11772431
2019-05-09,,,,,,
2019-05-10,,,,,,
2019-05-11,,,,,,
2019-05-12,,,,,,
2019-05-13,,,,,,
2019-05-14,,,0.86498356,,0.17542621,0.29145193
2019-05-15,6.3554983,,,,0.01114921,
2019-05-16,,,,,,
2019-05-17,,,,,,
2019-05-18,,,0.46697253,,0.1819041,0.48421624
2019-05-19,2.4757156,30.221426,,,,
2019-05-20,,,,,,
2019-05-21,,,,,,
2019-05-22,,,,,,
2019-05-23,,,,,,
2019-05-24,,,0.775825,,0.08191922,0.46697253
2019-05-25,,,,,,
2019-05-26,,,,,,
2019-05-27,,,1.7227429,,0.2431234,0.41883913
2019-05-28,,,,,0.1312533,0.30221426
2019-05-29,,,,,,
2019-05-30,,,,,,
2019-05-31,6.8335385,,,,0.20280871,0.4503429
2019-06-01,4.7551622,14.633706,,,0.10558982,0.72155213
2019-06-02,,,,,,
2019-06-03,1.4901444,7.0858784,,,,
2019-06-04,,,,,,
2019-06-05,,,,,0.07900195,0.19558637
2019-06-06,,,,,,
2019-06-07,,,,,,
2019-06-08,,,3.8254027,,0.091333464,
2019-06-09,,,,,,
2019-06-10,,,,,0.1819041,0.29145193
2019-06-11,,,,,,
2019-06-12,,,,,,
2019-06-13,,,,,,
2019-06-14,,,15.174079,14.633706,0.2710634,1.0369266
2019-06-15,,,,,,
2019-06-16,1.786358,,2.5671356,,0.28107285,1.0
2019-06-17,,,,,,
2019-06-18,0.33694503,,,,,
2019-06-19,0.8341801,,,,,
2019-06-20,,,,,0.12207147,0.80447364
2019-06-21,,,,,,
2019-06-22,,,,,,
2019-06-23,18.862122,21.806334,1.0369266,9.820328,0.25210112,1.3859012
2019-06-24,7.0858784,,,,,
2019-06-25,,,,,,
2019-06-26,,,,,,
2019-06-27,,,,,,
2019-06-28,3.8254027,,,,,
2019-06-29,,,,,0.10558982,
2019-06-30,,,,,0.101829596,0.3895392
2019-07-01,,,0.23446539,,,
2019-07-02,,,,,,
2019-07-03,,,,,,
2019-07-04,0.23446539,,,,0.6958565,0.17542621
2019-07-05,,,0.15734407,,0.16315426,
2019-07-06,0.4503429,,0.3895392,,0.101829596,0.52063745
2019-07-07,0.48421624,,,,,
2019-07-08,2.4757156,10.558982,,,0.01,
2019-07-09,11.77243,,4.265022,,0.1094889,0.13610004
2019-07-10,,,,,,
2019-07-11,,,,,,
2019-07-12,1.3859012,,,,,
2019-07-13,11.353195,,3.3089106,,0.08808093,0.80447364
2019-07-14,,,,,,
2019-07-15,,,0.46697253,2.5671356,0.17542621,0.5597982
2019-07-16,,,1.1987818,,,
2019-07-17,,,,,,
2019-07-18,,,,,,
2019-07-19,,,,,,
2019-07-20,1.0,,11.353195,,0.23446539,0.6710759
2019-07-21,,,5.7004023,11.77243,0.36228898,0.4503429
2019-07-22,,,,,,
2019-07-23,,,,,,
2019-07-24,2.8621533,,3.4310975,,0.2431234,0.6241307
2019-07-25,,,,,,
2019-07-26,2.2205303,,,,0.14112575,
2019-07-27,,,,,0.113531955,0.5020967
2019-07-28,4.7551622,7.0858784,4.1131372,,0.17542621,0.80447364
2019-07-29,,,0.5020967,,0.16315426,0.40392357
2019-07-30,,,,,,
2019-07-31,,,,,,
2019-08-01,,,,,,
2019-08-02,,,,,,
2019-08-03,,,,,0.19558637,0.3756671
2019-08-04,,,,,,
2019-08-05,,,,,,
2019-08-06,,,,,,
2019-08-07,,,,,,
2019-08-08,0.8341801,3.0774355,,,,
2019-08-09,,,,,,
2019-08-10,,,,,,
2019-08-11,,,,,0.19558637,0.86498356
2019-08-12,,,,,,
2019-08-13,0.2431234,,0.6471778,,0.21029776,0.9643884
2019-08-14,,,,,,
2019-08-15,,,,,0.18862122,0.6241307
2019-08-16,9.820328,15.734407,1.0,,0.23446539,1.336547
2019-08-17,,,0.36228898,,,
2019-08-18,,,,,,
2019-08-19,1.0369266,7.0858784,,,0.28107285,0.5020967
2019-08-20,,,0.2431234,,0.22611569,0.3756671
2019-08-21,,,,,,
2019-08-22,7.618856,6.590185,0.3756671,,0.041131373,
2019-08-23,,,,,,
2019-08-24,,,,,,
2019-08-25,,,,,,
2019-08-26,,,,,,
2019-08-27,,,,,,
2019-08-28,,,,,,
2019-08-29,,,10.18296,,0.2710634,
2019-08-30,,,,,0.19558637,0.5020967
2019-08-31,,,,,,
2019-09-01,4.7551622,,3.4310975,,0.028621534,
2019-09-02,,,,,,
2019-09-03,,,,,,
2019-09-04,0.86498356,,,,,
2019-09-05,5.1128306,17.542622,11.353195,,,
2019-09-06,,,,,,
2019-09-07,,,5.4974017,,0.16917899,2.2205303
2019-09-08,0.93004495,5.3016305,2.7602274,,0.21029776,
2019-09-09,,,,,,
2019-09-10,,,,,,
2019-09-11,,,0.33694503,,,
2019-09-12,,,,,,
2019-09-13,,,0.6958565,,0.16315426,0.43430543
2019-09-14,,,,,,
2019-09-15,,,,,,
2019-09-16,,,,,,
2019-09-17,,,15.174079,6.3554983,,
2019-09-18,,,,,,
2019-09-19,,,,,,
2019-09-20,0.25210112,2.7602274,13.12533,4.7551622,0.21806334,
2019-09-21,,,,,,
2019-09-22,,,2.3875515,,0.20280871,1.3859012
2019-09-23,0.5398629,,,,,
2019-09-24,,,2.7602274,,,
2019-09-25,0.43430543,,,,,
2019-09-26,,,,,,
2019-09-27,1.1560912,5.1128306,,,,
2019-09-28,,,,,,
2019-09-29,,,,,,
2019-09-30,,,,,,
2019-10-01,,,,,0.01,
2019-10-02,11.353195,,,,,
2019-10-03,,,,,,
2019-10-04,,,,,,
2019-10-05,17.542622,10.18296,,,,
2019-10-06,12.657915,,21.029776,,0.14112575,0.46697253
2019-10-07,,,,,,
2019-10-08,,,,,0.93004495,0.16315426
2019-10-09,18.862122,15.734407,,,0.32494587,0.48421624
2019-10-10,10.18296,,11.353195,,0.34938726,0.86498356
2019-10-11,,,,,,
2019-10-12,1.336547,4.9307547,3.3089106,,0.14633706,0.48421624
2019-10-13,2.1414535,,21.029776,,0.313374,0.58046967
2019-10-14,3.1910748,,,,,
2019-10-15,10.18296,,,,,
2019-10-16,,,,,,
2019-10-17,,,,,,
2019-10-18,,,,,,
2019-10-19,4.265022,,,,,
2019-10-20,,,,,,
2019-10-21,,,,,,
2019-10-22,,,,,,
2019-10-23,,,,,0.12207147,0.016613932
2019-10-24,,,,,,
2019-10-25,,,,,,
2019-10-26,,,,,,
2019-10-27,,,,,,
2019-10-28,,,,,,
2019-10-29,,,9.47061,,0.60190445,1.2889504
2019-10-30,,,,,,
2019-10-31,,,,,0.29145193,1.4370779
2019-11-01,,,,,,
2019-11-02,,,,,,
2019-11-03,,,,,,
2019-11-04,,,,,,
2019-11-05,,,,,,
2019-11-06,12.657915,,21.029776,,0.09820328,2.065193
2019-11-07,,,,,,
2019-11-08,3.0774355,15.174079,,,,
2019-11-09,,,,,,
2019-11-10,,,,,,
2019-11-11,,,,,,
2019-11-12,5.7004023,22.611568,,,,
2019-11-13,,,12.657915,,,
2019-11-14,,,,,,
2019-11-15,,,12.207147,,,
2019-11-16,,,8.808093,,,
2019-11-17,,,,,1.3859012,4.265022
2019-11-18,5.7004023,,,,0.15174079,
2019-11-19,,,,,,
2019-11-20,,,,,,
2019-11-21,,,,,,
2019-11-22,,,,,,
2019-11-23,,,21.806334,,2.4757156,3.0774355
2019-11-24,13.12533,,,,0.017863581,
2019-11-25,,,,,,
2019-11-26,,,,,,
2019-11-27,,,,,2.6619313,2.2205303
2019-11-28,16.9179,4.7551622,,,,
2019-11-29,,,,,,
2019-11-30,,,,,,
2019-12-01,,,,,,
2019-12-02,,,,,,
2019-12-03,,,,,,
2019-12-04,,,,,,
2019-12-05,,,,,,
2019-12-06,0.049307544,,,,,
2019-12-07,,,,,,
2019-12-08,,,,,,
2019-12-09,14.633706,7.347536,,,,
2019-12-10,,,,,,
2019-12-11,,,,,1.786358,5.3016305
2019-12-12,0.034310974,,13.12533,,1.336547,4.265022
2019-12-13,,,,,,
2019-12-14,,,,,,
2019-12-15,,,,,,
2019-12-16,,,22.611568,,1.8523222,6.590185
2019-12-17,,,,,,
2019-12-18,,,,,,
2019-12-19,,,,,,
2019-12-20,,,22.611568,14.112576,,
2019-12-21,11.77243,,,,0.017863581,
2019-12-22,13.12533,,21.806334,,1.1987818,4.4225144
2019-12-23,,,,,,
2019-12-24,,,,,0.46697253,1.6613932
2019-12-25,3.5577965,,22.611568,,0.1819041,1.1560912
2019-12-26,12.207147,,21.806334,,0.36228898,2.065193
2019-12-27,,,,,,
2019-12-28,,,,,0.48421624,1.4901444
2019-12-29,14.633706,,21.806334,,0.775825,5.1128306
2019-12-30,,,18.19041,,1.7227429,4.9307547
2019-12-31,,,,,,
2020-01-01,,,,,1.8523222,2.7602274
2020-01-02,,,,,,
2020-01-03,,,,,,
2020-01-04,,,1.0,,,
2020-01-05,,,8.191922,,,
2020-01-06,,,,,,
2020-01-07,,,,,,
2020-01-08,,,4.265022,,0.313374,3.5577965
2020-01-09,11.77243,,,,2.065193,3.0774355
2020-01-10,,,,,,
2020-01-11,,,,,,
2020-01-12,,,4.1131372,,,
2020-01-13,,,,,,
2020-01-14,,,,,,
2020-01-15,,,,,,
2020-01-16,5.9108987,1.114921,,,,
2020-01-17,,,,,,
2020-01-18,,,,,,
2020-01-19,,,,,,
2020-01-20,,,,,1.4901444,1.9207222
2020-01-21,,,,,,
2020-01-22,,,,,0.28107285,
2020-01-23,,,,,,
2020-01-24,,,10.18296,,1.114921,3.689174
2020-01-25,13.610004,,9.820328,,1.2889504,2.302527
2020-01-26,,,,,,
2020-01-27,,,,,,
2020-01-28,1.4901444,,5.9108987,,,
2020-01-29,,,,,,
2020-01-30,,,10.94889,,0.16917899,1.6022283
2020-01-31,,,,,,
2020-02-01,12.207147,4.1131372,,,1.4370779,7.9001946
2020-02-02,9.47061,,,,1.0,4.585823
2020-02-03,7.9001946,,,,,
2020-02-04,,,,,0.29145193,
2020-02-05,,,,,,
2020-02-06,,,,,,
2020-02-07,7.9001946,,11.77243,,,
2020-02-08,6.590185,,4.9307547,,0.30221426,1.114921
2020-02-09,,,,,,
2020-02-10,,,,,,
2020-02-11,,,,,,
2020-02-12,,,,,1.6613932,1.9207222
2020-02-13,3.3089106,3.3089106,,,,
2020-02-14,14.112576,,20.28087,,1.114921,2.967843
2020-02-15,,,,,,
2020-02-16,,,,,,
2020-02-17,0.3756671,,13.12533,,0.2710634,0.52063745
2020-02-18,11.77243,,11.77243,6.3554983,0.18862122,0.8341801
2020-02-19,,,,,,
2020-02-20,,,10.18296,,,
2020-02-21,,,23.446539,30.221426,1.4370779,4.9307547
2020-02-22,13.12533,,9.820328,10.558982,2.3875515,4.9307547
2020-02-23,,,,,,
2020-02-24,22.611568,,5.7004023,,,
2020-02-25,3.5577965,10.558982,12.207147,,1.7227429,3.8254027
2020-02-26,12.657915,,14.633706,,1.0752169,2.4757156
2020-02-27,,,2.065193,,,
2020-02-28,,,,,0.72155213,0.6241307
2020-02-29,7.347536,,,,0.30221426,1.1560912
2020-03-01,,,,,,
2020-03-02,14.112576,,2.065193,,,
2020-03-03,5.9108987,,,,13.12533,
2020-03-04,,,,,0.22611569,0.60190445
2020-03-05,,,,,,
2020-03-06,,,,,,
2020-03-07,,,,,,
2020-03-08,10.94889,,,,0.1312533,0.22611569
2020-03-09,,,,,,
2020-03-10,1.8523222,,,,0.43430543,0.775825
2020-03-11,4.9307547,,,,,
2020-03-12,0.6710759,3.4310975,,,,
2020-03-13,,,,,,
2020-03-14,,,,,0.5020967,0.6471778
2020-03-15,,,6.1291685,,0.23446539,
2020-03-16,15.174079,8.191922,,,,
2020-03-17,,,,,,
2020-03-18,2.7602274,,3.3089106,,0.5398629,1.0752169
2020-03-19,10.18296,9.133346,,,,
2020-03-20,5.4974017,,9.820328,,0.25210112,1.114921
2020-03-21,,,,,,
2020-03-22,,,,,0.6471778,0.3756671
2020-03-23,,,,,,
2020-03-24,7.618856,10.94889,4.7551622,5.7004023,0.091333464,0.7481966
2020-03-25,,,0.6958565,18.19041,0.28107285,
2020-03-26,1.2889504,,,,0.6710759,0.5020967
2020-03-27,0.80447364,,3.966662,7.9001946,,
2020-03-28,4.4225144,,3.1910748,,0.12207147,0.6471778
2020-03-29,,,1.2889504,,0.30221426,
2020-03-30,7.0858784,,,,0.15174079,0.29145193
2020-03-31,6.590185,,4.265022,,0.12207147,0.4503429
2020-04-01,5.3016305,,1.7227429,,0.094706096,0.6958565
2020-04-02,,,,,0.16315426,0.22611569
2020-04-03,2.5671356,1.114921,,,,
2020-04-04,12.657915,,4.1131372,,0.023875516,
2020-04-05,,,,,,
2020-04-06,7.347536,,,,,
2020-04-07,1.0752169,,,,,
2020-04-08,,,2.4757156,,0.2614104,1.114921
2020-04-09,,,,,,
2020-04-10,,,,,,
2020-04-11,13.610004,0.08808093,2.5671356,,0.41883913,1.2889504
2020-04-12,,,2.8621533,,0.19558637,0.7481966
2020-04-13,,,,,,
2020-04-14,,,,,,
2020-04-15,,,,,,
2020-04-16,9.47061,,4.9307547,,0.16917899,0.9643884
2020-04-17,,,,,,
2020-04-18,1.2430488,8.494422,5.9108987,6.590185,0.2710634,0.52063745
2020-04-19,5.3016305,,5.4974017,,0.34938726,0.48421624
2020-04-20,12.207147,,5.4974017,,0.12207147,0.46697253
2020-04-21,14.112576,,1.114921,,0.34938726,
2020-04-22,,,,,,
2020-04-23,,,,,,
2020-04-24,,,,,,
2020-04-25,,,0.52063745,,,
2020-04-26,,,,,,
2020-04-27,,,,,,
2020-04-28,,,,,,
2020-04-29,,,,,,
2020-04-30,,,,,,
2020-05-01,,,,,,
2020-05-02,,,,,,
2020-05-03,5.3016305,,1.5451703,,0.313374,0.6241307
2020-05-04,8.808093,13.610004,,,0.01114921,
2020-05-05,15.734407,,6.3554983,,0.10558982,0.6241307
2020-05-06,,,,,,
2020-05-07,,,,,0.3756671,0.93004495
2020-05-08,1.9916481,,,,0.2614104,0.6958565
2020-05-09,1.3859012,,,,,
2020-05-10,,,,,,
2020-05-11,,,,,0.2710634,1.1987818
2020-05-12,,,10.558982,30.221426,0.2431234,1.0
2020-05-13,,,,,0.5398629,0.20280871
2020-05-14,,,,,,
2020-05-15,1.0752169,5.1128306,,,0.13610004,0.41883913
2020-05-16,3.966662,,4.7551622,,0.25210112,0.5597982
2020-05-17,,,,,,
2020-05-18,1.0752169,,22.611568,11.353195,0.19558637,
2020-05-19,,,,,0.1312533,0.18862122
2020-05-20,2.302527,,,,0.1819041,0.52063745
2020-05-21,5.7004023,0.9643884,18.19041,,0.101829596,0.6958565
2020-05-22,2.302527,,1.4370779,,,
2020-05-23,,,,,,
2020-05-24,,,,,,
2020-05-25,,,,,0.084944226,0.9643884
2020-05-26,,,0.15734407,,0.21029776,0.6958565
2020-05-27,,,,,,
2020-05-28,,,,,0.1312533,0.5597982
2020-05-29,,,,,,
2020-05-30,,,,,,
2020-05-31,0.7481966,3.689174,,,0.01,
2020-06-01,11.77243,,,,,
2020-06-02,,,,,,
2020-06-03,,,,,0.20280871,0.6958565
2020-06-04,,,,,,
2020-06-05,,,,,0.22611569,1.4901444
2020-06-06,,,,,,
2020-06-07,,,,,,
2020-06-08,,,,,,
2020-06-09,10.94889,,,,0.2614104,0.12657915
2020-06-10,,,,,,
2020-06-11,,,,,,
2020-06-12,4.585823,,24.31234,30.221426,0.21806334,0.86498356
2020-06-13,,,,,,
2020-06-14,,,,,,
2020-06-15,,,5.1128306,,0.1312533,0.46697253
2020-06-16,4.265022,,11.353195,19.558636,0.16315426,1.9207222
2020-06-17,3.966662,,,,0.091333464,1.2430488
2020-06-18,,,,,,
2020-06-19,,,,,,
2020-06-20,,,,,,
2020-06-21,,,,,,
2020-06-22,,,1.4370779,,0.19558637,0.48421624
2020-06-23,,,,,,
2020-06-24,,,,,,
2020-06-25,,,,,,
2020-06-26,,,,,0.18862122,0.41883913
2020-06-27,,,,,,
2020-06-28,,,,,,
2020-06-29,,,,,,
2020-06-30,,,,,,
2020-07-01,,,,,,
2020-07-02,,,,,,
2020-07-03,,,,,,
2020-07-04,,,,,,
2020-07-05,,,0.80447364,,0.2431234,1.5451703
2020-07-06,4.1131372,,,,,
2020-07-07,,,,,,
2020-07-08,,,,,,
2020-07-09,,,,,,
2020-07-10,,,,,,
2020-07-11,10.558982,,1.4901444,,0.061291687,
2020-07-12,0.7481966,12.657915,8.191922,,0.07900195,0.06833539
2020-07-13,,,,,,
2020-07-14,,,,,,
2020-07-15,,,,,,
2020-07-16,9.47061,,10.558982,,3.0774355,
2020-07-17,2.8621533,,21.806334,9.820328,0.3756671,1.4901444
2020-07-18,,,,,,
2020-07-19,0.30221426,,6.590185,,0.313374,0.6958565
2020-07-20,0.2710634,,,,0.01,
2020-07-21,7.0858784,26.141037,,,0.026619313,
2020-07-22,,,,,,
2020-07-23,,,8.494422,,0.19558637,0.58046967
2020-07-24,,,,,,
2020-07-25,9.820328,,9.47061,24.31234,0.101829596,0.60190445
2020-07-26,,,,,,
2020-07-27,,,,,,
2020-07-28,6.1291685,,20.28087,,0.30221426,
2020-07-29,,,,,,
2020-07-30,,,,,,
2020-07-31,,,,,,
2020-08-01,10.94889,,,,,
2020-08-02,,,16.9179,,,
2020-08-03,,,,,,
2020-08-04,,,,,,
2020-08-05,,,,,,
2020-08-06,,,,,,
2020-08-07,1.9916481,,0.60190445,,0.041131373,
2020-08-08,,,,,,
2020-08-09,,,,,,
2020-08-10,,,,,0.46697253,
2020-08-11,,,,,,
2020-08-12,,,,,,
2020-08-13,,,,,,
2020-08-14,,,,,,
2020-08-15,,,,,,
2020-08-16,0.5597982,6.1291685,,,0.01114921,
2020-08-17,5.9108987,,4.1131372,8.808093,0.06590185,
2020-08-18,,,,,,
2020-08-19,0.36228898,,4.1131372,,,
2020-08-20,0.12657915,0.09820328,,,,
2020-08-21,0.7481966,,10.18296,,0.16917899,1.2430488
2020-08-22,,,,,,
2020-08-23,,,,,,
2020-08-24,9.133346,,23.446539,,0.6241307,
2020-08-25,12.207147,,6.590185,30.221426,0.313374,3.3089106
2020-08-26,,,,,,
2020-08-27,,,,,0.15734407,1.0
2020-08-28,13.12533,,12.207147,,,
2020-08-29,,,,,,
2020-08-30,,,,,,
2020-08-31,,,,,,
2020-09-01,0.25210112,,4.265022,,0.21806334,
2020-09-02,,,,,,
2020-09-03,,,0.8341801,18.862122,,
2020-09-04,,,,,,
2020-09-05,,,8.191922,,0.18862122,0.4503429
2020-09-06,,,,,,
2020-09-07,10.558982,,13.610004,,0.32494587,2.5671356
2020-09-08,4.585823,,9.133346,,0.22611569,0.775825
2020-09-09,4.9307547,15.174079,7.347536,8.808093,0.1312533,0.775825
2020-09-10,,,20.28087,7.9001946,0.21029776,0.3756671
2020-09-11,,,,,,
2020-09-12,3.4310975,,2.6619313,,,
2020-09-13,,,,,,
2020-09-14,,,,,,
2020-09-15,0.93004495,,,,,
2020-09-16,,,,,,
2020-09-17,,,,,,
2020-09-18,,,,,,
2020-09-19,,,,,,
2020-09-20,,,,,,
2020-09-21,,,,,0.46697253,0.46697253
2020-09-22,,,,,,
2020-09-23,,,,,,
2020-09-24,,,,,0.46697253,
2020-09-25,,,,,,
2020-09-26,,,,,,
2020-09-27,,,,,,
2020-09-28,,,,,,
2020-09-29,,,11.353195,2.065193,0.43430543,0.313374
2020-09-30,,,,,,
2020-10-01,,,,,,
2020-10-02,,,,,,
2020-10-03,,,,,,
2020-10-04,,,,,,
2020-10-05,,,,,,
2020-10-06,,,,,0.14633706,
2020-10-07,,,,,,
2020-10-08,,,,,,
2020-10-09,,,,,,
2020-10-10,,,,,,
2020-10-11,,,,,,
2020-10-12,,,,,,
2020-10-13,,,,,,
2020-10-14,13.610004,,,,,
2020-10-15,,,,,,
2020-10-16,,,,,,
2020-10-17,16.9179,,,,,
2020-10-18,,,,,,
2020-10-19,,,,,,
2020-10-20,,,,,,
2020-10-21,,,,,,
2020-10-22,,,,,,
2020-10-23,,,,,,
2020-10-24,,,,,,
2020-10-25,,,,,0.32494587,1.2889504
2020-10-26,,,,,,
2020-10-27,0.48421624,,1.786358,,0.16917899,
2020-10-28,,,,,,
2020-10-29,,,,,,
2020-10-30,4.4225144,,12.657915,,0.113531955,1.0369266
2020-10-31,8.808093,,,,0.13610004,
2020-11-01,,,,,,
2020-11-02,,,,,,
2020-11-03,,,,,,
2020-11-04,,,,,,
2020-11-05,,,,,,
2020-11-06,10.94889,,16.315426,,0.101829596,0.6958565
2020-11-07,,,,,,
2020-11-08,,,,,,
2020-11-09,,,,,,
2020-11-10,,,,,0.18862122,1.786358
2020-11-11,,,,,,
2020-11-12,,,,,,
2020-11-13,,,,,,
2020-11-14,13.610004,0.5597982,,,,
2020-11-15,,,,,,
2020-11-16,,,12.207147,3.966662,,
2020-11-17,,,,,,
2020-11-18,,,,,,
2020-11-19,,,,,,
2020-11-20,,,,,,
2020-11-21,,,,,,
2020-11-22,,,,,0.5398629,0.43430543
2020-11-23,,,,,,
2020-11-24,,,,,,
2020-11-25,,,,,,
2020-11-26,,,,,,
2020-11-27,,,,,,
2020-11-28,12.657915,,13.610004,,1.336547,4.9307547
2020-11-29,,,,,0.6710759,8.191922
2020-11-30,,,,,,
2020-12-01,,,,,,
2020-12-02,,,,,,
2020-12-03,,,,,,
2020-12-04,,,,,,
2020-12-05,,,21.029776,,,
2020-12-06,,,,,,
2020-12-07,,,,,,
2020-12-08,,,,,,
2020-12-09,,,,,0.72155213,4.265022
2020-12-10,,,,,,
2020-12-11,,,17.542622,,0.72155213,2.3875515
2020-12-12,,,,,,
2020-12-13,,,,,,
2020-12-14,9.820328,,13.610004,,0.2431234,1.4370779
2020-12-15,0.11772431,,12.657915,,,
2020-12-16,,,,,,
2020-12-17,,,,,,
2020-12-18,,,,,,
2020-12-19,,,,,,
2020-12-20,,,,,,
2020-12-21,,,,,,
2020-12-22,,,,,,
2020-12-23,,,,,,
2020-12-24,0.58046967,5.1128306,11.353195,8.494422,1.3859012,4.4225144
2020-12-25,1.336547,,,,,
2020-12-26,4.4225144,,11.77243,,,
2020-12-27,,,,,,
2020-12-28,,,22.611568,22.611568,0.21806334,1.7227429
2020-12-29,3.0774355,,,,,
2020-12-30,0.029678432,,9.820328,,,
2020-12-31,,,,,,
2021-01-01,,,,,,
2021-01-02,,,,,,
2021-01-03,,,,,,
2021-01-04,,,,,,
2021-01-05,,,,,,
2021-01-06,,,,,,
2021-01-07,3.966662,,,,1.2889504,3.0774355
2021-01-08,,,,,,
2021-01-09,,,,,,
2021-01-10,,,,,,
2021-01-11,,,,,,
2021-01-12,,,,,,
2021-01-13,,,,,,
2021-01-14,,,,,,
2021-01-15,,,,,,
2021-01-16,,,,,,
2021-01-17,12.207147,,,,,
2021-01-18,,,,,,
2021-01-19,,,,,,
2021-01-20,2.5671356,12.207147,,,,
2021-01-21,,,,,,
2021-01-22,,,,,,
2021-01-23,,,,,,
2021-01-24,,,,,,
2021-01-25,6.1291685,,,,,
2021-01-26,10.558982,,,,0.17542621,2.5671356
2021-01-27,,,,,,
2021-01-28,,,,,0.58046967,0.72155213
2021-01-29,,,,,,
2021-01-30,,,10.94889,,0.7481966,3.966662
2021-01-31,,,,,,
2021-02-01,,,,,,
2021-02-02,4.9307547,,5.4974017,,0.6710759,2.7602274
2021-02-03,6.3554983,2.967843,11.77243,,0.46697253,2.302527
2021-02-04,,,,,,
2021-02-05,,,,,,
2021-02-06,,,,,,
2021-02-07,2.065193,,10.558982,,0.86498356,3.3089106
2021-02-08,,,,,,
2021-02-09,,,12.207147,,0.5398629,3.3089106
2021-02-10,4.4225144,,17.542622,,0.23446539,2.2205303
2021-02-11,,,,,,
2021-02-12,,,,,,
2021-02-13,,,,,0.80447364,1.9916481
2021-02-14,1.3859012,10.558982,2.4757156,,0.18862122,0.6958565
2021-02-15,5.3016305,,7.9001946,,,
2021-02-16,7.347536,,0.72155213,,0.5398629,
2021-02-17,3.3089106,6.3554983,,,0.5597982,0.36228898
2021-02-18,0.07618856,11.353195,0.061291687,6.8335385,,
2021-02-19,,,,,,
2021-02-20,3.966662,,,,2.967843,2.4757156
2021-02-21,,,,,,
2021-02-22,0.4503429,8.191922,,,,
2021-02-23,,,,,,
2021-02-24,3.689174,,,,,
2021-02-25,0.16315426,6.590185,,,,
2021-02-26,26.141037,,8.808093,4.7551622,3.0774355,
2021-02-27,,,,,,
2021-02-28,,,,,,
2021-03-01,9.133346,8.808093,0.070858784,5.7004023,0.07900195,2.5671356
2021-03-02,13.610004,100.0,0.36228898,40.392357,0.6710759,0.8969245
2021-03-03,,,,,,
2021-03-04,,,,,6.590185,2.302527
2021-03-05,,,,,,
2021-03-06,29.145191,5.9108987,,,0.6471778,0.93004495
2021-03-07,,,,,,
2021-03-08,4.4225144,6.1291685,,,,
2021-03-09,0.06355498,7.9001946,5.9108987,24.31234,0.4503429,0.86498356
2021-03-10,26.141037,7.618856,,,,
2021-03-11,0.18862122,4.7551622,1.1987818,8.191922,0.25210112,2.3875515
2021-03-12,3.4310975,6.3554983,,,,
2021-03-13,4.9307547,,0.1094889,10.18296,0.8341801,2.6619313
2021-03-14,7.347536,7.347536,3.4310975,6.3554983,41.88391,2.8621533
2021-03-15,5.4974017,4.585823,,,0.33694503,2.7602274
2021-03-16,0.101829596,9.820328,,,0.9643884,0.80447364
2021-03-17,0.113531955,,0.101829596,7.347536,0.5020967,1.2889504
2021-03-18,0.14633706,11.353195,0.8341801,31.3374,0.7481966,1.2430488
2021-03-19,0.60190445,,0.18862122,6.590185,0.52063745,0.8341801
2021-03-20,2.3875515,1.2430488,,,,
2021-03-21,,,0.17542621,,0.19558637,1.2889504
2021-03-22,,,,,,
2021-03-23,,,,,,
2021-03-24,,,,,,
2021-03-25,,,,,,
2021-03-26,,,,,,
2021-03-27,,,,,,
2021-03-28,10.18296,4.9307547,,,,
2021-03-29,13.12533,,0.20280871,,1.336547,1.0752169
2021-03-30,,,,,,
2021-03-31,,,,,,
2021-04-01,,,,,,
2021-04-02,0.15734407,16.315426,11.353195,58.046963,0.46697253,0.9643884
2021-04-03,,,,,,
2021-04-04,,,,,,
2021-04-05,,,,,,
2021-04-06,,,,,,
2021-04-07,,,,,0.25210112,3.0774355
2021-04-08,5.3016305,4.585823,0.113531955,6.3554983,,
2021-04-09,4.585823,25.210114,7.618856,13.12533,0.52063745,1.1560912
2021-04-10,36.228897,3.4310975,6.1291685,4.9307547,,
2021-04-11,0.20280871,3.8254027,0.061291687,5.9108987,,
2021-04-12,,,,,,
2021-04-13,1.3859012,2.967843,,,0.5020967,0.6710759
2021-04-14,,,,,,
2021-04-15,4.585823,,6.1291685,,0.43430543,0.5597982
2021-04-16,,,,,,
2021-04-17,,,,,,
2021-04-18,,,,,,
2021-04-19,3.4310975,,,,0.3756671,0.48421624
2021-04-20,,,,,,
2021-04-21,,,,,,
2021-04-22,,,,,,
2021-04-23,,,,,,
2021-04-24,20.28087,8.191922,7.0858784,7.347536,,
2021-04-25,17.542622,,2.967843,,0.2710634,0.5597982
2021-04-26,,,,,,
2021-04-27,,,,,,
2021-04-28,,,,,,
2021-04-29,,,,,,
2021-04-30,,,,,,
2021-05-01,2.4757156,8.808093,,,,
2021-05-02,0.05910899,,7.618856,69.58565,0.58046967,1.0
2021-05-03,,,,,0.41883913,1.3859012
2021-05-04,,,,,,
2021-05-05,,,,,,
2021-05-06,,,,,,
2021-05-07,,,,,,
2021-05-08,,,,,,
2021-05-09,0.41883913,9.47061,,,0.3756671,0.48421624
2021-05-10,1.7227429,6.1291685,,,1.4901444,0.8969245
2021-05-11,0.113531955,50.20967,1.336547,100.0,0.5020967,0.8341801
2021-05-12,,,2.1414535,,0.32494587,0.48421624
2021-05-13,,,,,,
2021-05-14,,,,,,
2021-05-15,,,,,,
2021-05-16,,,0.061291687,6.1291685,0.2710634,0.36228898
2021-05-17,,,,,,
2021-05-18,,,,,,
2021-05-19,,,,,,
2021-05-20,,,,,,
2021-05-21,,,,,,
2021-05-22,,,,,,
2021-05-23,,,,,,
2021-05-24,,,,,,
2021-05-25,3.8254027,12.207147,9.820328,12.207147,0.22611569,0.3895392
2021-05-26,,,,,,
2021-05-27,,,,,,
2021-05-28,,,,,,
2021-05-29,0.053016305,14.112576,4.585823,62.413074,0.80447364,1.4901444
2021-05-30,4.4225144,,6.590185,50.20967,0.58046967,2.302527
2021-05-31,4.1131372,,0.06355498,6.8335385,0.4503429,1.9207222
2021-06-01,5.3016305,,,,0.8969245,2.7602274
2021-06-02,3.8254027,100.0,2.3875515,5.4974017,0.46697253,2.302527
2021-06-03,0.29145193,9.133346,11.353195,20.28087,0.4503429,2.065193
2021-06-04,15.174079,,9.133346,4.9307547,0.4503429,1.5451703
2021-06-05,,,0.101829596,9.820328,0.40392357,1.2430488
2021-06-06,,,9.133346,8.191922,0.41883913,2.1414535
2021-06-07,,,,,,
2021-06-08,3.0774355,,0.08808093,10.558982,1.0752169,
2021-06-09,,,,,,
2021-06-10,0.1094889,28.107285,1.6022283,45.034286,0.36228898,
2021-06-11,,,,,,
2021-06-12,,,,,,
2021-06-13,,,,,,
2021-06-14,,,0.084944226,,1.3859012,3.4310975
2021-06-15,,,,,,
2021-06-16,,,,,0.6710759,1.7227429
2021-06-17,11.77243,24.31234,7.347536,74.819664,0.60190445,1.786358
2021-06-18,2.967843,7.618856,5.1128306,,0.4503429,1.6613932
2021-06-19,,,,,,
2021-06-20,,,0.07618856,11.77243,1.0752169,1.7227429
2021-06-21,0.113531955,,,,0.41883913,1.1560912
2021-06-22,,,8.191922,41.88391,,
2021-06-23,,,,,,
2021-06-24,,,,,,
2021-06-25,2.4757156,,0.06833539,,0.80447364,1.9207222
2021-06-26,,,0.25210112,100.0,0.30221426,1.7227429
2021-06-27,0.06355498,,0.084944226,5.1128306,0.30221426,1.4370779
2021-06-28,1.6022283,5.4974017,8.494422,23.446539,0.9643884,1.0752169
2021-06-29,,,9.133346,100.0,0.40392357,1.0369266
2021-06-30,,,,,,
2021-07-01,2.4757156,,,,,
2021-07-02,0.057004023,19.558636,,,1.0,1.0752169
2021-07-03,,,,,0.5020967,0.6710759
2021-07-04,0.094706096,,10.558982,93.00449,0.32494587,0.775825
2021-07-05,3.5577965,,12.657915,53.986286,0.29145193,0.4503429
2021-07-06,,,,,,
2021-07-07,,,,,,
2021-07-08,,,,,,
2021-07-09,,,,,,
2021-07-10,4.265022,,,,,
2021-07-11,,,,,,
2021-07-12,,,,,,
2021-07-13,,,,,,
2021-07-14,,,,,,
2021-07-15,,,,,,
2021-07-16,,,,,,
2021-07-17,,,,,0.5398629,1.2889504
2021-07-18,10.18296,100.0,7.0858784,,,
2021-07-19,,,,,,
2021-07-20,,,,,,
2021-07-21,1.336547,7.0858784,,,1.4370779,0.58046967
2021-07-22,,,,,,
2021-07-23,,,,,,
2021-07-24,,,1.0369266,6.1291685,,
2021-07-25,,,,,,
2021-07-26,,,,,,
2021-07-27,,,,,,
2021-07-28,0.25210112,,0.057004023,,0.2710634,4.265022
2021-07-29,,,,,,
2021-07-30,,,0.6958565,14.112576,0.36228898,2.8621533
2021-07-31,,,,,,
2021-08-01,,,,,,
2021-08-02,,,,,,
2021-08-03,0.084944226,34.93873,,,0.3756671,1.0
2021-08-04,,,,,,
2021-08-05,,,,,,
2021-08-06,,,,,,
2021-08-07,0.36228898,,0.12657915,,0.52063745,1.6022283
2021-08-08,,,,,,
2021-08-09,,,,,0.8341801,1.2430488
2021-08-10,0.72155213,3.689174,,,0.32494587,
2021-08-11,3.8254027,100.0,0.091333464,,0.46697253,0.775825
2021-08-12,,,,,,
2021-08-13,,,0.1094889,21.806334,0.86498356,1.4901444
2021-08-14,,,,,,
2021-08-15,,,,,,
2021-08-16,,,,,,
2021-08-17,,,,,,
2021-08-18,,,,,,
2021-08-19,,,,,,
2021-08-20,,,,,,
2021-08-21,4.1131372,,0.11772431,10.558982,1.7227429,1.3859012
2021-08-22,,,,,,
2021-08-23,,,,,,
2021-08-24,,,,,,
2021-08-25,,,,,,
2021-08-26,1.7227429,21.029776,,,,
2021-08-27,,,,,,
2021-08-28,,,,,,
2021-08-29,,,,,,
2021-08-30,,,0.2431234,5.1128306,,
2021-08-31,,,,,,
2021-09-01,,,,,,
2021-09-02,,,,,,
2021-09-03,,,,,,
2021-09-04,,,,,,
2021-09-05,,,0.070858784,24.31234,0.6958565,1.1987818
2021-09-06,,,,,1.114921,1.7227429
2021-09-07,,,0.52063745,100.0,0.80447364,1.786358
2021-09-08,,,,,,
2021-09-09,,,0.070858784,15.174079,1.0369266,2.7602274
2021-09-10,,,5.1128306,5.9108987,,
2021-09-11,,,0.86498356,100.0,0.80447364,1.8523222
2021-09-12,,,,,,
2021-09-13,,,,,,
2021-09-14,,,,,,
2021-09-15,,,,,,
2021-09-16,,,,,,
2021-09-17,,,,,1.8523222,2.302527
2021-09-18,,,,,,
2021-09-19,,,0.09820328,14.112576,0.36228898,1.7227429
2021-09-20,,,,,,
2021-09-21,,,,,,
2021-09-22,,,,,,
2021-09-23,,,6.3554983,,0.40392357,1.7227429
2021-09-24,,,4.4225144,8.494422,0.29145193,
2021-09-25,,,,,,
2021-09-26,34.93873,89.69245,4.4225144,14.112576,0.2614104,1.7227429
2021-09-27,,,,,,
2021-09-28,,,,,,
2021-09-29,2.302527,,,,,
2021-09-30,16.9179,30.221426,14.633706,,0.80447364,0.9643884
2021-10-01,,,,,,
2021-10-02,,,,,,
2021-10-03,6.8335385,32.494587,,,,
2021-10-04,,,,,,
2021-10-05,,,,,,
2021-10-06,,,0.070858784,10.558982,0.4503429,1.7227429
2021-10-07,,,3.8254027,,,
2021-10-08,,,,,,
2021-10-09,,,,,,
2021-10-10,,,,,0.8341801,1.114921
2021-10-11,0.19558637,0.23446539,,,0.6241307,1.6613932
2021-10-12,,,,,,
2021-10-13,0.15734407,5.7004023,1.7227429,7.618856,0.1094889,3.0774355
2021-10-14,,,,,6.3554983,1.0
2021-10-15,4.7551622,,0.7481966,,0.60190445,0.80447364
2021-10-16,,,,,,
2021-10-17,,,,,0.1094889,3.0774355
2021-10-18,,,,,1.5451703,1.8523222
2021-10-19,0.07900195,32.494587,14.112576,,0.2710634,3.5577965
2021-10-20,,,,,,
2021-10-21,,,,,,
2021-10-22,,,,,,
2021-10-23,,,,,,
2021-10-24,,,,,,
2021-10-25,,,,,0.8969245,0.86498356
2021-10-26,0.23446539,15.174079,,,1.3859012,
2021-10-27,,,,,1.1560912,1.7227429
2021-10-28,,,,,,
2021-10-29,,,,,0.58046967,
2021-10-30,,,,,,
2021-10-31,,,,,,
2021-11-01,,,,,,
2021-11-02,,,,,,
2021-11-03,,,,,,
2021-11-04,,,,,,
2021-11-05,,,,,,
2021-11-06,3.8254027,10.94889,,,0.40392357,2.3875515
2021-11-07,0.43430543,,0.15734407,,1.5451703,2.6619313
2021-11-08,36.228897,,,,0.5398629,0.80447364
2021-11-09,,,,,,
2021-11-10,,,,,,
2021-11-11,,,,,,
2021-11-12,,,,,0.48421624,2.4757156
2021-11-13,,,,,,
2021-11-14,,,,,,
2021-11-15,,,,,,
2021-11-16,,,11.77243,30.221426,0.48421624,1.5451703
2021-11-17,,,,,,
2021-11-18,,,,,,
2021-11-19,,,0.14112575,9.133346,0.58046967,1.0
2021-11-20,,,,,,
2021-11-21,,,14.633706,9.47061,0.48421624,0.5597982
2021-11-22,,,,,,
2021-11-23,,,,,0.48421624,0.775825
2021-11-24,,,,,,
2021-11-25,,,,,,
2021-11-26,,,,,,
2021-11-27,,,,,,
2021-11-28,,,,,,
2021-11-29,,,,,,
2021-11-30,58.046963,,8.191922,100.0,0.93004495,2.4757156
2021-12-01,,,,,32.494587,2.6619313
2021-12-02,,,,,,
2021-12-03,,,,,,
2021-12-04,,,,,,
2021-12-05,,,,,,
2021-12-06,,,11.353195,6.8335385,,
2021-12-07,19.558636,14.633706,16.9179,9.133346,5.3016305,3.0774355
2021-12-08,30.221426,3.8254027,3.966662,5.7004023,1.786358,3.1910748
2021-12-09,5.1128306,50.20967,4.7551622,5.4974017,5.1128306,2.967843
2021-12-10,,,13.12533,2.4757156,,
2021-12-11,,,,,,
2021-12-12,,,0.113531955,4.7551622,1.6613932,2.6619313
2021-12-13,,,,,,
2021-12-14,,,,,,
2021-12-15,,,,,,
2021-12-16,,,,,,
2021-12-17,,,,,,
2021-12-18,,,,,,
2021-12-19,,,,,,
2021-12-20,38.95392,100.0,15.734407,100.0,3.5577965,7.347536
2021-12-21,,,,,,
2021-12-22,,,,,,
2021-12-23,4.265022,100.0,11.77243,12.207147,0.8969245,1.9916481
2021-12-24,,,,,,
2021-12-25,,,,,,
2021-12-26,,,12.657915,11.353195,5.3016305,9.133346
2021-12-27,29.145191,,13.610004,,,
2021-12-28,,,,,,
2021-12-29,,,,,,
2021-12-30,,,,,,
2021-12-31,,,,,,
